{
  "accuracy": [
    0.08860759437084198,
    0.06751054525375366,
    0.1054852306842804,
    0.13924050331115723,
    0.15189872682094574,
    0.14767932891845703,
    0.19831223785877228,
    0.19409282505512238,
    0.2067510485649109,
    0.2109704613685608,
    0.2320675104856491,
    0.26582279801368713,
    0.2531645596027374
  ],
  "loss": [
    2.509010076522827,
    2.484998941421509,
    2.46941876411438,
    2.4445698261260986,
    2.4153079986572266,
    2.4230501651763916,
    2.3784923553466797,
    2.341013193130493,
    2.3105416297912598,
    2.29587721824646,
    2.2987592220306396,
    2.2131519317626953,
    2.225349187850952
  ],
  "val_accuracy": [
    0.10126582533121109,
    0.1139240488409996,
    0.08860759437084198,
    0.10126582533121109,
    0.1139240488409996,
    0.1265822798013687,
    0.15189872682094574,
    0.15189872682094574,
    0.1139240488409996,
    0.13924050331115723,
    0.15189872682094574,
    0.16455696523189545,
    0.15189872682094574
  ],
  "val_loss": [
    2.4819040298461914,
    2.4792237281799316,
    2.4788477420806885,
    2.476485252380371,
    2.4753313064575195,
    2.479924440383911,
    2.478656768798828,
    2.4832489490509033,
    2.486621618270874,
    2.487030267715454,
    2.4891068935394287,
    2.4958436489105225,
    2.4971566200256348
  ],
  "learning_rate": [
    0.0003000000142492354,
    0.0003000000142492354,
    0.0003000000142492354,
    0.0003000000142492354,
    0.0003000000142492354,
    0.0003000000142492354,
    0.0003000000142492354,
    0.0003000000142492354,
    0.0001500000071246177,
    0.0001500000071246177,
    0.0001500000071246177,
    7.500000356230885e-05,
    7.500000356230885e-05
  ]
}