{
  "accuracy": [
    0.10373444110155106,
    0.08298755437135696,
    0.0912863090634346,
    0.11618257313966751,
    0.09543568640947342,
    0.1576763540506363,
    0.12033195048570633,
    0.1576763540506363,
    0.19087137281894684,
    0.14107884466648102,
    0.2033195048570633,
    0.19087137281894684,
    0.18672199547290802,
    0.21991701424121857,
    0.2282157689332962,
    0.23236514627933502
  ],
  "loss": [
    2.6496787071228027,
    2.598104953765869,
    2.564420700073242,
    2.568998098373413,
    2.5457839965820312,
    2.538243293762207,
    2.5242345333099365,
    2.5203263759613037,
    2.453615188598633,
    2.501811981201172,
    2.4274938106536865,
    2.4423859119415283,
    2.4003446102142334,
    2.391273021697998,
    2.377110719680786,
    2.375131368637085
  ],
  "val_accuracy": [
    0.10000000149011612,
    0.15000000596046448,
    0.10000000149011612,
    0.13750000298023224,
    0.13750000298023224,
    0.125,
    0.08749999850988388,
    0.125,
    0.11249999701976776,
    0.13750000298023224,
    0.11249999701976776,
    0.125,
    0.11249999701976776,
    0.125,
    0.11249999701976776,
    0.125
  ],
  "val_loss": [
    2.5440919399261475,
    2.5385215282440186,
    2.515414237976074,
    2.5459446907043457,
    2.538142204284668,
    2.5315849781036377,
    2.532686710357666,
    2.506934642791748,
    2.5262022018432617,
    2.524378538131714,
    2.5474705696105957,
    2.528252124786377,
    2.538346529006958,
    2.531198501586914,
    2.53275465965271,
    2.527431011199951
  ],
  "learning_rate": [
    0.0003000000142492354,
    0.0003000000142492354,
    0.0003000000142492354,
    0.0003000000142492354,
    0.0003000000142492354,
    0.0003000000142492354,
    0.0001500000071246177,
    0.0001500000071246177,
    0.0001500000071246177,
    0.0001500000071246177,
    0.0001500000071246177,
    7.500000356230885e-05,
    7.500000356230885e-05,
    7.500000356230885e-05,
    3.7500001781154424e-05,
    3.7500001781154424e-05
  ]
}