{
  "accuracy": [
    0.13080169260501862,
    0.1265822798013687,
    0.14345991611480713,
    0.15189872682094574,
    0.1265822798013687,
    0.14345991611480713,
    0.14345991611480713,
    0.13924050331115723,
    0.18565401434898376,
    0.1265822798013687,
    0.17721518874168396,
    0.15611813962459564,
    0.18987341225147247,
    0.16877637803554535,
    0.18565401434898376,
    0.2109704613685608,
    0.2194092869758606,
    0.18565401434898376
  ],
  "loss": [
    2.552314043045044,
    2.498584508895874,
    2.47879695892334,
    2.4572465419769287,
    2.450258731842041,
    2.4458673000335693,
    2.4016971588134766,
    2.427212953567505,
    2.37616229057312,
    2.3949294090270996,
    2.3462326526641846,
    2.350797176361084,
    2.3306946754455566,
    2.2750751972198486,
    2.3233439922332764,
    2.268320322036743,
    2.2514476776123047,
    2.2403571605682373
  ],
  "val_accuracy": [
    0.1139240488409996,
    0.1139240488409996,
    0.07594936341047287,
    0.10126582533121109,
    0.08860759437084198,
    0.10126582533121109,
    0.10126582533121109,
    0.10126582533121109,
    0.10126582533121109,
    0.1139240488409996,
    0.1139240488409996,
    0.07594936341047287,
    0.06329113990068436,
    0.10126582533121109,
    0.10126582533121109,
    0.1265822798013687,
    0.08860759437084198,
    0.10126582533121109
  ],
  "val_loss": [
    2.484790563583374,
    2.494628429412842,
    2.473714590072632,
    2.4824984073638916,
    2.479006290435791,
    2.470424175262451,
    2.465763568878174,
    2.471705675125122,
    2.4785706996917725,
    2.45792818069458,
    2.46197509765625,
    2.4720468521118164,
    2.4737884998321533,
    2.473113536834717,
    2.4713547229766846,
    2.4730448722839355,
    2.4698545932769775,
    2.4670326709747314
  ],
  "learning_rate": [
    0.0003000000142492354,
    0.0003000000142492354,
    0.0003000000142492354,
    0.0003000000142492354,
    0.0003000000142492354,
    0.0003000000142492354,
    0.0003000000142492354,
    0.0003000000142492354,
    0.0003000000142492354,
    0.0003000000142492354,
    0.0003000000142492354,
    0.0003000000142492354,
    0.0003000000142492354,
    0.0001500000071246177,
    0.0001500000071246177,
    0.0001500000071246177,
    7.500000356230885e-05,
    7.500000356230885e-05
  ]
}